id,room,shape,color,position_x,position_z,name_en,name_id,origin_en,origin_id,era_en,era_id,description_en,description_id
homo-erectus,ancient,texture,#8b6f47,-6,-4,Java Man Skull,Tengkorak Manusia Jawa,"Sangiran, Central Java","Sangiran, Jawa Tengah",c. 1.5 million years ago,"± 1,5 juta tahun lalu","Java Man (Homo erectus erectus, formerly also Anthropopithecus erectus or Pithecanthropus erectus) is an early human fossil discovered in 1891 and 1892 on the island of Java (Indonesia). Estimated to be between 700,000 and 1,490,000 years old, it was, at the time of its discovery, the oldest hominid fossil ever found, and it remains the type specimen for Homo erectus. Led by Eugène Dubois, the excavation team uncovered a tooth, a skullcap, and a thighbone at Trinil on the banks of the Solo River in East Java. Arguing that the fossils represented the ""missing link"" between apes and humans, Dubois gave the species the scientific name Anthropopithecus erectus, then later renamed it Pithecanthropus erectus.","Manusia Jawa (Homo erectus erectus) adalah jenis Homo erectus yang pertama kali ditemukan. Pada awal penemuan, makhluk mirip manusia ini diberi nama ilmiah Pithecanthropus erectus oleh Eugène Dubois, pemimpin tim yang berhasil menemukan fosil tengkoraknya di Trinil, Ngawi pada tahun 1891. Nama Pithecanthropus erectus sendiri berasal dari akar bahasa Yunani dan latin dan memiliki arti manusia-kera yang dapat berdiri."
stone-axe,ancient,sword,#6b5a3a,6,-4,Neolithic Hand Axe,Kapak Genggam Neolitik,"Pacitan, East Java","Pacitan, Jawa Timur",c. 8000 BCE,± 8000 SM,"A hand axe (or handaxe or  Acheulean hand axe) is a prehistoric stone tool with two faces that is the longest-used tool in human history. It is made from stone, usually flint or chert that has been ""reduced"" and shaped from a larger piece by knapping, or hitting against another stone. They are characteristic of the lower Acheulean and middle Palaeolithic (Mousterian) periods, roughly 1.6 million years ago to about 100,000 years ago, and used by Homo erectus and other early humans, but rarely by Homo sapiens. Their technical name (biface) comes from the fact that the archetypical model is a generally bifacial (with two wide sides or faces) and almond-shaped (amygdaloid) lithic flake.","Kapak genggam adalah sebuah batu yang mirip dengan kapak, tetapi tidak bertangkai dan cara mempergunakannya dengan cara menggenggam. Kapak genggam terkenal juga dengan sebutan kapak perimbas, dalam ilmu prasejarah disebut chopper artinya alat penetak. Kapak genggam pernah ditemukan oleh Gustav Heinrich Ralph von Koenigswald pada 1935 di Pacitan, Jawa Timur. Batu genggam biasanya dibuat dari batu gamping."
megalith,ancient,tablet,#7a7062,-6,4,Megalithic Menhir,Menhir Megalitik,"Lore Lindu, Central Sulawesi","Lore Lindu, Sulawesi Tengah",c. 1500 BCE,± 1500 SM,"A menhir (; from Brittonic languages: maen or men, ""stone"" and hir or hîr, ""long""), standing stone, orthostat, or lith is a large upright stone, emplaced in the ground by humans, typically dating from the European middle Bronze Age. They can be found individually as monoliths, or as part of a group of similar stones. Menhirs' sizes can vary considerably, but they often taper toward the top. Menhirs are found across Europe, Africa, and Asia, with a concentration in Western Europe, notably in Ireland, Great Britain, and Brittany.","Menhir adalah batu tunggal, biasanya berukuran besar, yang ditatah seperlunya sehingga berbentuk tugu dan biasanya diletakkan berdiri tegak di atas tanah. Istilah menhir diambil dari bahasa Keltik, dari kata men (batu) dan hir (panjang).Jadi,artinya adalah batu Panjang. Menhir biasanya didirikan secara tunggal atau berkelompok sejajar di atas tanah, tetapi pada beberapa tradisi juga ada yang diletakkan terlentang di tanah. Menhir, bersama-sama dengan dolmen dan sarkofagus, adalah megalit."
sangiran-site,ancient,wall,#7c5c3c,-10.85,-2,Sangiran Archaeological Site,Situs Arkeologi Sangiran,"Sangiran Dome, Central Java","Kubah Sangiran, Jawa Tengah",Pleistocene Epoch,Kala Pleistosen,"Sangiran is an archaeological excavation site in Java in Indonesia. According to a UNESCO report (1995) ""Sangiran is recognized by scientists to be one of the most important sites in the world for studying fossil man, ranking alongside Zhoukoudian (China), Willandra Lakes (Australia), Olduvai Gorge (Tanzania), and Sterkfontein (South Africa), and more fruitful in finds than any of these.""
The area comprises about 56 km2 (7 km x 8 km). It is located in Central Java, about 15 kilometers north of Surakarta in the Solo River valley. Administratively, Sangiran area is divided between 2 regencies: Sragen (districts of Gemolong, Kalijambe, and Plupuh) and Karanganyar (district of Gondangrejo).","Sangiran adalah situs arkeologi di Jawa, Indonesia. Menurut laporan UNESCO (1995) ""Sangiran diakui oleh para ilmuwan untuk menjadi salah satu situs yang paling penting di dunia untuk mempelajari fosil manusia, disejajarkan bersama situs Zhoukoudian (Cina), Willandra Lakes (Australia), Olduvai Gorge (Tanzania), dan Sterkfontein (Afrika Selatan), dan lebih baik dalam penemuan daripada yang lain.""
Daerah terdiri dari sekitar 56 km² (7 km x 8 km). Lokasi ini terletak di Jawa Tengah, sekitar 15 kilometer sebelah utara Surakarta di lembah Sungai Bengawan Solo. Secara administratif, kawasan Sangiran terbagi antara 2 kabupaten: Kabupaten Sragen (Kecamatan Gemolong, Kecamatan Kalijambe, dan Plupuh) dan Kabupaten Karanganyar (Kecamatan Gondangrejo)."
nias-megalith,ancient,wall,#8a8275,10.85,-2,Nias Megalithic Site,Situs Megalitik Nias,"Nias Island, North Sumatra","Pulau Nias, Sumatera Utara",c. 500 BCE - 1000 CE,± 500 SM - 1000 M,"The Nias (Nias: Ono Niha, lit. 'descendants of humans'; Indonesian: Orang Nias) or Niasans, are an Austronesian ethnic group native to Nias, an island off the west coast of North Sumatra, Indonesia. In the Nias language Nias Island is known as Tanö Niha, with Tanö meaning 'land' in the Nias language. The Nias people are a community that continues living within the norms and practices of their indigenous culture.","Tradisi Megalitik Nias mewakili kebudayaan monumen batu hidup di mana struktur batu besar didirikan untuk menghormati kepala suku dan ritual adat. Berasal dari 500 SM hingga 1000 M, meja dan pilar batu ini mencerminkan struktur sosial suku yang terorganisir, terkenal dengan tradisi lompat batu."
keris,kingdom,texture,#3a2e1f,-6,-4,Royal Keris,Keris Pusaka,"Majapahit Empire, Java","Kekaisaran Majapahit, Jawa",14th Century,Abad ke-14,"The kris or keris is a Javanese asymmetrical dagger with a distinctive blade-patterning achieved through alternating laminations of iron and nickelous iron (pamor). The kris is famous for its distinctive wavy blade, although many have straight blades as well, and is one of the weapons commonly used in the pencak silat martial art native to Indonesia. Kris have been produced in many regions of Indonesia for centuries, but nowhere—although the island of Bali comes close—is the kris so embedded in a mutually-connected whole of ritual prescriptions and acts, ceremonies, storied backgrounds, and epic poetry as in Central Java. Within Indonesia the kris is commonly associated with Javanese culture, although other ethnicities in the surrounding regions are familiar with the weapon as part of their cultures, such as the Balinese, Sundanese, Malay, Madurese, Banjar, Buginese, and Makassar people.","Keris merupakan senjata tajam golongan belati dari suku Jawa yang memiliki ragam fungsi budaya yang dikenal di kawasan Nusantara bagian barat dan tengah. Bentuknya khas dan mudah dibedakan dari senjata tajam lainnya karena tidak simetris di bagian pangkal yang melebar, sering kali bilahnya berkelok-kelok, dan banyak di antaranya memiliki pamor (damascene), yaitu terlihat serat-serat lapisan logam pada helai bilah. Keris bagi orang Jawa adalah senjata pemungkas/terakhir setelah pedang, tombak, dan panah. Sejatinya keris bukanlah senjata utama dalam peperangan tetapi juga senjata yang disukai untuk dibawa pergi ke mana pun."
ganesha,kingdom,texture,#6e5a2f,6,-4,Ganesha Statue,Arca Ganesha,"Singosari Temple, East Java","Candi Singosari, Jawa Timur",10th Century,Abad ke-10,"Ganesha, or Ganesh (Sanskrit: गणेश, IAST: Gaṇeśa, IPA: [ɡɐˈɳeːɕɐ]), also known as Ganapati, Vinayaka and Pillaiyar, is one of the best-known and most revered and worshipped deities in the Hindu pantheon and is the Supreme god in the Ganapatya sect. His depictions are found throughout India. Hindu denominations worship him regardless of affiliations. Ganesha also holds the Title of ""Pratham Pujya"" (the god to be worshipped initially before the worship of any other Deity).","Ganesa  (Dewanagari: गणेश; ,IAST: Gaṇeśa,; ) adalah salah satu dewa terkenal dalam agama Hindu dan banyak dipuja oleh umat Hindu, yang memiliki gelar sebagai Dewa pengetahuan dan kecerdasan, Dewa pelindung, Dewa penolak bala/bencana dan Dewa kebijaksanaan. Lukisan dan patungnya banyak ditemukan di berbagai penjuru India; termasuk Nepal, Tibet dan Asia Tenggara. Dalam relief, patung dan lukisan, ia sering digambarkan berkepala gajah, berlengan empat dan berbadan gemuk. Ia dikenal pula dengan nama Ganapati, Winayaka dan Pilleyar."
inscription,kingdom,tablet,#4a3f2a,-6,4,Kedukan Bukit Inscription,Prasasti Kedukan Bukit,"Srivijaya, South Sumatra","Sriwijaya, Sumatera Selatan",682 CE,682 M,"The Kedukan Bukit inscription (Indonesian: Prasasti Kedukan Bukit) is an inscription discovered by the Dutchman C.J. Batenburg on 29 November 1920 at Kedukan Bukit, South Sumatra, Dutch East Indies (now Indonesia), on the banks of Tatang River, a tributary of Musi River. It is the oldest surviving specimen of the Malay language, in a form known as Old Malay. It is a small stone of 45 cm × 80 cm (18 in × 31 in).","Prasasti Kedukan Bukit ditemukan oleh C.J. Batenburg pada tanggal 29 November 1920 di Kampung Kedukan Bukit, Kelurahan 35 Ilir, Palembang, Sumatera Selatan, di tepi Sungai Tatang yang mengalir ke Sungai Musi. Prasasti ini berbentuk batu kecil berukuran 45 × 80 cm, ditulis dalam aksara Pallawa, menggunakan Bahasa Melayu Kuno Prasasti ini sekarang disimpan di Museum Nasional Indonesia dengan nomor D.146."
crown,kingdom,texture,#c9a14a,6,4,Mataram Royal Crown,Mahkota Kerajaan Mataram,"Mataram Sultanate, Java","Kesultanan Mataram, Jawa",17th Century,Abad ke-17,"The Sultanate of Mataram () was an early modern state based on the island of Java that lasted from the late 16th century to the 18th century. At its peak, Mataram was one of the most powerful kingdoms in the Indonesian archipelago and Southeast Asia. Along with Aceh and Makassar, it has been referred to as one of Southeast Asia's major ""gunpowder empires."" At its greatest extent, Mataram's territory spanned most of mainland Java and Madura, with vassals in Palembang, Sukadana, and Jambi. Mataram reached its peak of power during the reign of Sultan Agung Anyokrokusumo (r.","Kesultanan Mataram atau Kesunanan Mataram (bahasa Jawa: ꧋ꦤꦒꦫꦶꦏꦱꦸꦭ꧀ꦠꦤꦤ꧀ꦩꦠꦫꦩ꧀, Pegon: نڮاري كسولتانن متارامcode: jv is deprecated , translit. Nagari Kasultanan Mataram) adalah sebuah kerajaan Islam di Pulau Jawa dari akhir abad ke-16, ketika Panembahan Senapati dinobatkan menjadi raja, hingga 1755, ketika Mataram dibagi menjadi negara-negara lebih kecil dalam Perjanjian Giyanti. Kerajaan ini dipimpin oleh Wangsa Mataram. Sepanjang abad ke-17, tepatnya di bawah pemerintahan Sultan Agung, Mataram adalah salah satu negara terkuat di Jawa yang menyatukan Jawa Tengah, Yogyakarta, sebagian besar Jawa Barat (kecuali Banten) dan Jawa Timur (termasuk Madura), Sukadana (Kalimantan Barat), Makassar, hingga Pulau Sumatra (Palembang dan Jambi)."
borobudur,kingdom,wall,#706a58,-10.85,0,Borobudur Temple Photo,Foto Candi Borobudur,"Magelang, Central Java","Magelang, Jawa Tengah",9th Century,Abad ke-9,"Borobudur, also transcribed Barabudur (Indonesian: Candi Borobudur, Javanese: ꦕꦤ꧀ꦝꦶꦧꦫꦧꦸꦝꦸꦂ, romanized: Candhi Barabudhur), is a 9th-century Mahayana Buddhist temple in Magelang Regency, near the town of Muntilan, northwest of the city of Yogyakarta, in Central Java, Indonesia. Constructed of gray andesite-like stone, the temple consists of nine stacked platforms, six square and three circular, topped by a central dome. It is decorated with 2,672 relief panels and originally 504 Buddha statues. The central dome is surrounded by 72 Buddha statues, each seated inside a perforated stupa.","Candi Borobudur (bahasa Jawa: ꦕꦟ꧀ꦝꦶꦧꦫꦧꦸꦝꦸꦂcode: jv is deprecated , translit. Candhi Båråbudhur) adalah sebuah candi Buddha yang terletak di Borobudur, Magelang, Jawa Tengah, Indonesia. Candi ini terletak kurang lebih 100 km di sebelah barat daya Semarang, 86 km di sebelah barat Surakarta, dan 40 km di sebelah barat laut Yogyakarta. Candi dengan banyak stupa ini didirikan oleh para penganut agama Buddha Mahayana sekitar tahun 800-an Masehi pada masa pemerintahan wangsa Syailendra, dan diperkirakan baru rampung sekitar tahun 825 M."
prambanan,kingdom,wall,#7e786b,10.85,0,Prambanan Temple Relief,Relief Candi Prambanan,"Sleman, Yogyakarta","Sleman, Yogyakarta",10th Century,Abad ke-10,"Prambanan (Indonesian: Candi Prambanan, Javanese: Rara Jonggrang, Hanacaraka: ꦫꦫꦗꦺꦴꦁꦒꦿꦁ) is a 9th-century Hindu temple compound in the Special Region of Yogyakarta, in southern Java, Indonesia, dedicated to the Trimūrti, the expression of God as the Creator (Brahma), the Preserver (Vishnu) and the Destroyer (Shiva). The temple compound is located approximately 17 kilometres (11 mi) northeast of the city of Yogyakarta on the boundary between Central Java and Yogyakarta provinces. The temple compound, a UNESCO World Heritage Site, is the largest Hindu temple site in Indonesia and the second-largest in Southeast Asia after Angkor Wat. It is characterized by its tall and pointed architecture, typical of Hindu architecture, and by the towering 47-metre-high (154 ft) central building inside a large complex of individual temples.","Candi Prambanan (bahasa Jawa: ꦕꦟ꧀ꦝꦶꦥꦿꦩ꧀ꦧꦤꦤ꧀code: jv is deprecated , translit. Caṇḍi Prambanan) adalah bangunan candi bercorak agama Hindu terbesar di Indonesia yang dibangun pada abad ke-9 Masehi. Candi yang juga disebut sebagai Rara Jonggrang ini dipersembahkan untuk Trimurti, tiga dewa utama Hindu yaitu dewa Brahma sebagai dewa pencipta, dewa Wisnu sebagai dewa pemelihara, dan dewa Siwa sebagai dewa pemusnah. Berdasarkan prasasti Siwagrha nama asli kompleks candi ini adalah Siwagrha (bahasa Sanskerta yang bermakna 'Rumah Siwa'), dan memang di garbagriha (ruang utama) candi ini bersemayam arca Siwa Mahadewa setinggi tiga meter, karena aliran Syaiwa mengutamakan pemujaan dewa Siwa di candi ini."
voc-map,colonial,wall,#a89373,-10.85,-2,VOC Trade Map,Peta Dagang VOC,Dutch East India Company,Vereenigde Oostindische Compagnie,1670,1670,"The United East India Company (Dutch: Vereenigde Oostindische Compagnie [vərˈeːnɪɣdə oːstˈɪndisə kɔmpɑˈɲi]; abbr. VOC [veː(j)oːˈseː]), commonly known as the Dutch East India Company, was a chartered trading company and one of the first joint-stock companies in the world. Established on 20 March 1602 by the States General of the Netherlands amalgamating existing companies, it was granted a 21-year monopoly to carry out trade activities in Asia. Shares in the company could be purchased by any citizen of the Dutch Republic and bought and sold in open-air secondary markets, one of which became the Amsterdam Stock Exchange.","Perusahaan Hindia Timur Belanda, secara resmi bernama Perserikatan Perusahaan Hindia Timur (bahasa Belanda: Vereenigde Oostindische Compagniecode: nl is deprecated ; disingkat VOC) didirikan pada 20 Maret 1602. VOC adalah persekutuan dagang asal Belanda yang memiliki monopoli untuk aktivitas perdagangan di Asia. Disebut Hindia Timur karena ada pula Geoctroyeerde Westindische Compagnie yang merupakan persekutuan dagang untuk kawasan Hindia Barat. Perusahaan ini dianggap sebagai perusahaan multinasional pertama di dunia  sekaligus merupakan perusahaan pertama yang mengeluarkan sistem pembagian saham."
diponegoro-kris,colonial,sword,#2f2418,-6,-4,Kiai Naga Siluman,Kiai Naga Siluman,"Java War, Yogyakarta","Perang Jawa, Yogyakarta",1825–1830,1825–1830,"Prince Diponegoro (Javanese: ꦢꦶꦥꦤꦼꦒꦫ, romanized: Dipånegårå; born Bendara Raden Mas Mustahar, ꦧꦼꦤ꧀ꦢꦫꦫꦢꦺꦤ꧀ꦩꦱ꧀ꦩꦸꦱ꧀ꦠꦲꦂ; later Bendara Raden Mas Antawirya, ꦧꦼꦤ꧀ꦢꦫꦫꦢꦺꦤ꧀ꦩꦱ꧀ꦲꦤ꧀ꦠꦮꦶꦂꦪ; 11 November 1785 – 8 January 1855), also known as Dipanegara and Dipa Negara, was a Javanese prince who opposed the Dutch colonial rule. The eldest son of the Yogyakarta Sultan Hamengkubuwono III, he played an important role in the Java War between 1825 and 1830. After his defeat and capture, he was exiled to Makassar, where he died at 69 years old. His five-year struggle against the Dutch control of Java has become celebrated by Indonesians throughout the years, acting as a source of inspiration for the fighters in the Indonesian National Revolution and nationalism in modern-day Indonesia among others.","Pangeran Diponegoro (Bahasa Jawa: ꦣꦶꦥꦤꦒꦫ, Dipanagara; lahir sebagai Bendara Raden Mas Mustahar; kemudian Bendara Raden Mas Antawirya ꦧꦼꦤ꧀ꦢꦫꦫꦢꦺꦤ꧀ꦩꦱ꧀ꦲꦤ꧀ꦠꦮꦶꦂꦪ; 11 November 1785 – 8 Januari 1855) adalah seorang pangeran Jawa yang menentang pemerintahan kolonial Belanda. Putra sulung Hamengkubuwana III ini memegang peranan penting dalam Perang Jawa tahun 1825 hingga 1830. Setelah kalah dan tertangkap, ia diasingkan ke Manado dan Makassar, dan meninggal di Makassar pada usia 69 tahun. Perjuangannya selama lima tahun melawan kekuasaan Belanda di Jawa telah dirayakan oleh masyarakat Indonesia selama bertahun-tahun, menjadi sumber inspirasi bagi para pejuang Revolusi Nasional Indonesia dan nasionalisme di Indonesia modern antara lain."
old-photo,colonial,wall,#7a6a5a,10.85,-2,Batavia Photograph,Foto Batavia,Batavia (Jakarta),Batavia (Jakarta),c. 1890,± 1890,"Batavia was an imperial Dutch port city that eventually, after two centuries of Dutch occupation, became the capital of the Dutch East Indies. The area corresponds to present-day Jakarta, Indonesia. Batavia can refer to the city proper or its suburbs and hinterland, the Ommelanden, which included the much larger area of the Residency of Batavia in the present-day Indonesian provinces of Jakarta Banten and West Java. The founding of Batavia by the Dutch in 1619, on the site of the ruins of Jayakarta, led to the establishment of a Dutch colony; Batavia became the center of the Dutch East India Company's trading network in Asia.","Batavia adalah ibu kota Hindia Belanda. Wilayahnya setara dengan Jakarta saat ini, Indonesia. Batavia dapat merujuk pada kota itu sendiri atau pinggiran kota dan daerah pedalamannya, Ommelanden, yang mencakup wilayah yang jauh lebih luas dari Keresidenan Batavia di provinsi-provinsi Indonesia saat ini, yaitu Jakarta, Banten, dan Jawa Barat. Pendirian Batavia oleh Belanda pada tahun 1619, di lokasi reruntuhan Jayakarta, menyebabkan berdirinya koloni Belanda; Batavia menjadi pusat jaringan perdagangan Perusahaan Hindia Timur Belanda di Asia."
hasanuddin-helmet,colonial,texture,#6b583f,6,-4,Sultan Hasanuddin Helmet,Helm Sultan Hasanuddin,"Kingdom of Gowa, South Sulawesi","Kerajaan Gowa, Sulawesi Selatan",17th Century,Abad ke-17,"Sultan Hasanuddin (Sultan Hasanuddin Tumenanga Ri Balla Pangkana; (12 January 1631 – 12 June 1670) was the 16th Ruler of The Sultanate of Gowa as Sombaya Ri Gowa XVI from 1653 to 1669. He was proclaimed as Indonesian National Hero on 6 November 1973. The Dutch called Sultan Hasanuddin ""the Rooster of the East"" as he was described as aggressive in battle.","Sultan Hasanuddin (Dijuluki Ayam Jantan dari Timur oleh Belanda) (12 Januari 1631 – 12 Juni 1670) adalah Sultan Gowa ke-16 dan pahlawan nasional Indonesia yang terlahir dengan nama Muhammad Bakir I Mallombasi Daeng Mattawang Karaeng Bonto Mangape. Setelah menaiki takhta, ia diberi gelar Sultan Hasanuddin, setelah meninggal ia digelar Tumenanga Ri Balla Pangkana. Karena keberaniannya, ia dijuluki De Haantjes van Het Osten oleh Belanda yang artinya Ayam Jantan dari Timur. Ia dimakamkan di Katangka, Kabupaten Gowa."
banda-spices,colonial,texture,#5c704f,-6,4,Banda Nutmeg Artifact,Artefak Pala Banda,"Banda Islands, Maluku","Kepulauan Banda, Maluku",16th-18th Century,Abad ke-16 - ke-18,"The Banda Islands (Indonesian: Kepulauan Banda) are a volcanic group of ten small islands in the Banda Sea, about 140 km (87 mi) south of Seram Island and about 2,000 km (1,243 mi) east of Java, and constitute an administrative district (kecamatan) within the Central Maluku Regency in the Indonesian province of Maluku. The islands rise out of 4-to-6-kilometre (2.5 to 3.7 mi) deep ocean and have a total land area of approximately 172 square kilometres (66 sq mi); with associated maritime area this reaches 736.3 square kilometres (284.3 sq mi). They had a population of 18,544 at the 2010 Census and 20,924 at the 2020 Census; the official estimate as of mid-2023 was 21,902. Until the mid-19th century the Banda Islands were the world's only source of the spices nutmeg and mace, produced from the nutmeg tree.","Kepulauan Banda adalah salah satu gugusan pulau yang berada dalam wilayah Maluku, Indonesia. Kepulauan Banda termasuk dalam wilayah Kecamatan Banda dengan wilayah administratif daratan seluas 55,3 km2. Pada tahun 2000, mayoritas produksi pala dunia masih berasal dari Kepulauan Banda. Kepulauan Banda terdiri atas beberapa pulau, seperti Pulau Lontor, Pulau Banda, Pulau Banda Api, Pulau Ai, Pulau Run, Pulau Pisang, Pulau Hatta, dan Pulau Karaba."
proklamasi,independence,wall,#e8d6a3,-10.85,-2,Proclamation Text,Teks Proklamasi,Jakarta,Jakarta,17 August 1945,17 Agustus 1945,"The Proclamation of Indonesian Independence (Indonesian: Proklamasi Kemerdekaan Indonesia, or simply Proklamasi) was read at 10:00 Tokyo Standard Time on Friday, 17 August 1945 in Jakarta. The declaration marked the start of the diplomatic and armed resistance of the Indonesian National Revolution, fighting against the forces of the Netherlands and pro-Dutch civilians, until the latter officially acknowledged Indonesia's independence in 1949. The document was signed by Sukarno and Mohammad Hatta, who were appointed president and vice-president respectively the following day. The date of the Proclamation of Indonesian Independence was made a public holiday by a government decree issued on 18 June 1946.","Proklamasi Kemerdekaan Indonesia dibacakan oleh Soekarno dengan didampingi oleh Mohammad Hatta pada pukul 10:00 Waktu Standar Tokyo hari Jumat, 17 Agustus 1945 di sebuah rumah di Jalan Pegangsaan Timur No. 56, Jakarta Pusat. Pembacaan proklamasi ini menandai dimulainya perlawanan diplomatik dan bersenjata dari Revolusi Nasional Indonesia, yang berperang melawan pasukan Belanda dan warga sipil pro-Belanda, hingga Belanda secara resmi mengakui kemerdekaan Indonesia pada tahun 1949. Naskah Proklamasi ditandatangani oleh Soekarno dan Mohammad Hatta, yang masing-masing diangkat menjadi presiden dan wakil presiden keesokan harinya."
merah-putih,independence,wall,#c0392b,10.85,-2,Sang Saka Merah Putih,Sang Saka Merah Putih,Sewn by Fatmawati,Dijahit oleh Fatmawati,1945,1945,"The national flag of Indonesia is bicolor, with two horizontal bands, red (top) and white (bottom) with an overall ratio of 2:3. It was introduced and hoisted in public during the proclamation of independence on 17 August 1945 at 56 Jalan Proklamasi (formerly Jalan Pegangsaan Timur) in Jakarta, and again when the Dutch formally transferred sovereignty on 27 December 1949. The design of the flag has remained unchanged since. The flag of Indonesia is graphically similar to the flag of Monaco, with a slight difference in the shade of red, and ratio of its dimensions.","Bendera Indonesia (disingkat bendera negara) atau biasa juga disebut Sang Merah Putih, (Sang Saka Merah Putih, Merah Putih, atau kadang Sang Dwiwarna (dua warna)) adalah bendera negara Indonesia dengan dua warna, dengan dua garis horizontal, merah (atas) dan putih (bawah) dengan rasio keseluruhan 2:3. Bendera negara berbentuk empat persegi panjang dengan ukuran lebar 2/3 (dua-pertiga) dari panjang dengan bagian atas berwarna merah dan bagian bawah berwarna putih yang kedua bagiannya berukuran sama. Bendera ini diperkenalkan dan dikibarkan di depan umum pada saat proklamasi kemerdekaan pada 17 Agustus 1945 di Jalan Proklamasi 56 (sebelumnya Jalan Pegangsaan Timur) di Jakarta, dan sekali lagi ketika Belanda secara resmi menyerahkan kedaulatan pada 27 Desember 1949. Desain bendera tersebut tetap tidak berubah sejak saat itu."
soekarno-speech,independence,book,#3a2a1a,-6,-4,Soekarno's Speeches,Pidato Soekarno,Office of the President,Kantor Presiden,1945–1965,1945–1965,"Sukarno (born Koesno Sosrodihardjo; 6 June 1901 – 21 June 1970) was an Indonesian statesman, activist, and revolutionary who served as the first president of Indonesia from 1945 to 1967. Sukarno was the leader of the Indonesian struggle for independence from the Dutch colonialists. He was a prominent leader of Indonesia's nationalist movement during the colonial period and spent over a decade under Dutch detention until released by the invading Japanese forces in World War II. Sukarno and his fellow nationalists collaborated to garner support for the Japanese war effort from the population, in exchange for Japanese aid in spreading nationalist ideas.","Ir. Soekarno (Ejaan Republik: Sukarno; 6 Juni 1901 – 21 Juni 1970), dikenal juga dengan sapaan Bung Karno, adalah seorang negarawan, orator, dan Presiden Indonesia pertama yang menjabat sejak tahun 1945 sampai 1967. Ia menjabat sebagai presiden setelah memproklamasikan kemerdekaan Indonesia bersama wakilnya, Mohammad Hatta. Selain dikenal sebagai ""Bapak Proklamator"", Soekarno dikenal juga sebagai pencetus Pancasila, dasar negara dan ideologi bangsa Indonesia."
surabaya-spear,independence,texture,#9c3b28,6,-4,Surabaya Bamboo Spear,Bambu Runcing Surabaya,"Surabaya, East Java","Surabaya, Jawa Timur",November 1945,November 1945,"The Battle of Surabaya (Javanese: ꦦꦺꦂꦠꦺꦩ꧀ꦥꦸꦫꦤ꧀ ꦯꦸꦫꦧꦪ; Indonesian: Pertempuran Surabaya) was a major battle in the Indonesian National Revolution fought between regular infantry and militia of the Indonesian nationalist movement and British and British Indian troops against the re-imposition of Dutch colonial rule. The peak of the battle was in November 1945, and was the largest single battle of the revolution and became a national symbol of Indonesian resistance. Considered a heroic effort by Indonesians, the battle helped galvanise Indonesian and international support for Indonesian independence. 10 November is celebrated annually as Heroes' Day (Hari Pahlawan).","Pertempuran Surabaya (Jawa: ꦦꦺꦂꦠꦺꦩ꧀ꦥꦸꦫꦤ꧀ ꦯꦸꦫꦧꦪ; Inggris: Battle of Surabaya) merupakan pertempuran antara pasukan pejuang Indonesia yang diorganisasi oleh mantan pasukan anggota Pembela Tanah Air yang dibentuk oleh Pasukan Jepang dan Polisi Istimewa di waktu masa Pendudukan Jepang di Indonesia (yang dulunya Hindia Belanda) pada saat itu, yang bertujuan untuk mencegah pasukan sekutu pasca Jepang menyerah tanpa syarat kepada sekutu  di Perang Pasifik yang mendarat di kota Surabaya yang terdiri dari pasukan Kekaisaran Britania dengan sukarelawan Persemakmuran Britania yakni Angkatan Darat India Britania dengan mendapatkan dukungan khusus oleh tentara Kekaisaran Belanda. Puncaknya terjadi pada tanggal 10 November 1945. Pertempuran ini adalah perang pertama pasukan Indonesia dengan pasukan Sekutu  setelah Proklamasi Kemerdekaan Indonesia dan satu pertempuran terbesar dan terberat dalam sejarah Revolusi Nasional Indonesia yang menjadi simbol nasional atas perlawanan Indonesia terhadap kolonialisme dan Imperialisme. Usai pertempuran ini, dukungan rakyat Indonesia dan dunia internasional terhadap perjuangan kemerdekaan Indonesia makin kuat."
bung-tomo-radio,independence,texture,#52433f,-6,4,Bung Tomo's Radio Transceiver,Pemancar Radio Bung Tomo,Surabaya Broadcast Studio,Studio Siaran Surabaya,1945 Resistance,Perjuangan 1945,"Sutomo (3 October 1920 – 7 October 1981), also known as Bung Tomo (meaning Comrade or Brother Tomo), was an Indonesian revolutionary and military leader best known for his role in the Indonesian National Revolution against Dutch colonial rule. He played a central role in the Battle of Surabaya, which was fought between British and Indonesian forces from October to November 1945.","Sutomo (3 Oktober 1920 – 7 Oktober 1981), juga dikenal sebagai Bung Tomo, adalah seorang pemimpin revolusioner dan militer Indonesia yang terkenal karena perannya dalam Revolusi Nasional Indonesia melawan pemerintahan kolonial Belanda. Dia memainkan peran sentral dalam Pertempuran Surabaya, yang terjadi antara pasukan Britania Raya dan Indonesia dari bulan Oktober hingga November 1945."
monas,modern,crown,#d6c47a,-6,-4,Monas Miniature,Miniatur Monas,Jakarta,Jakarta,1975,1975,"The National Monument (Indonesian: Monumen Nasional, abbreviated Monas) is a 132 m (433 ft) obelisk in the centre of Merdeka Square, Central Jakarta. It is the national monument of the Republic of Indonesia, built to commemorate the struggle for Indonesian independence. This monument is crowned with a flame covered in gold leaf which symbolizes the burning spirit of struggle of the Indonesian people. Construction began in 1961 under the direction of President Sukarno, and the monument was opened to the public in 1975.","Monumen Nasional yang disingkat dengan Monas atau Tugu Monas adalah monumen peringatan setinggi 132 meter (433 kaki), terletak tepat di tengah Lapangan Medan Merdeka, Jakarta Pusat. Monas didirikan untuk mengenang perlawanan dan perjuangan rakyat Indonesia dalam merebut kemerdekaan dari pemerintahan kolonial Kerajaan Belanda. Pembangunan dimulai pada  17 Agustus 1961 di bawah perintah Presiden Soekarno dan diresmikan hingga dibuka untuk umum pada  12 Juli 1975 oleh Presiden Soeharto. Tugu ini dimahkotai lidah api yang dilapisi lembaran emas yang melambangkan semangat perjuangan dari rakyat Indonesia."
batik,modern,wall,#8e5a2e,-10.85,-2,Batik Cloth,Kain Batik,"UNESCO Heritage, 2009","Warisan UNESCO, 2009",Contemporary,Kontemporer,Batik is a dyeing technique using wax resist. The term is also used to describe patterned textiles created with that technique. Batik is made by drawing or stamping wax on a cloth to prevent colour absorption during the dyeing process. This creates a patterned negative when the wax is removed from the dyed cloth.,"Batik (bahasa Jawa: ꦧꦛꦶꦏ꧀code: jv is deprecated , translit. Bathik) adalah kain bergambar yang pembuatannya secara khusus dengan menuliskan atau menerakan malam pada kain itu, kemudian pengolahannya diproses dengan cara tertentu yang memiliki kekhasan. sebagai keseluruhan teknik, teknologi, serta pengembangan motif dan budaya yang terkait, oleh UNESCO telah ditetapkan sebagai Warisan Kemanusiaan untuk Budaya Lisan dan Nonbendawi (Masterpieces of the Oral and Intangible Heritage of Humanity) sejak 2 Oktober 2009. Sejak saat itu, 2 Oktober ditetapkan sebagai Hari Batik Nasional."
satellite,modern,vase,#7aa8d6,6,-4,Palapa Satellite Model,Model Satelit Palapa,PT Telkom Indonesia,PT Telkom Indonesia,1976,1976,"Palapa is a series of communications satellites owned by Indosat, an Indonesian telecommunications company (formerly by Perumtel and then by PT Satelit Palapa Indonesia/Satelindo). The first satellite was launched in July 1976, at which time Indonesia became the first developing country to operate its own domestic satellite system. The estimated cost for the project was US$1 billion (equivalent to $4.28 billion in 2024).","Palapa ialah nama bagi sejumlah satelit telekomunikasi geostasioner Indonesia. Nama ini diambil dari ""Sumpah Palapa"", yang pernah dicetuskan oleh Patih Gajah Mada dari Majapahit pada tahun 1334. Satelit pertama diluncurkan pada tanggal 8 Juli 1976 oleh roket Amerika Serikat dan dilepas di atas Samudra Hindia pada 83° BT. Satelit pertama dari 2 satelit itu bertipe HS-333 dan bermassa 574 kg."
angklung,modern,texture,#9c7f55,-6,4,Bamboo Angklung Instrument,Instrumen Musik Angklung,"UNESCO Heritage, 2010","Warisan UNESCO, 2010",Traditional & Modern,Tradisional & Modern,"The angklung (Sundanese: ᮃᮀᮊᮣᮥᮀ) is a musical instrument from the Sundanese in Indonesia that is made of a varying number of bamboo tubes attached to a bamboo frame. The tubes are carved to produce a resonant pitch when struck and are tuned to octaves, similar to Western handbells. The base of the frame is held in one hand, while the other hand shakes the instrument, causing a repeating note to sound. Each performer in an angklung ensemble is typically responsible for just one pitch, sounding their individual angklung at the appropriate times to produce complete melodies (see Kotekan).","Angklung (Aksara Sunda Baku: ᮃᮀᮊᮣᮥᮀ) adalah alat musik multitonal (bernada ganda) yang berkembang dari masyarakat Sunda. Alat musik ini dibuat dari bambu, dibunyikan dengan cara digoyangkan (bunyi disebabkan oleh benturan badan pipa bambu) sehingga menghasilkan bunyi yang bergetar dalam susunan nada 2, 3, sampai 4 nada dalam setiap ukuran, baik besar maupun kecil. Dictionary of the Sunda Language karya Jonathan Rigg yang diterbitkan pada tahun 1862 di Batavia, menuliskan bahwa angklung adalah alat musik yang terbuat dari pipa-pipa bambu yang dipotong ujung-ujungnya menyerupai pipa-pipa dalam suatu organ, dan diikat bersama dalam suatu bingkai, digetarkan atau digoyangkan untuk menghasilkan bunyi. Angklung terdaftar sebagai Karya Agung Warisan Budaya Lisan dan Nonbendawi Manusia dari UNESCO sejak November 2010."
wayang,modern,texture,#b07358,6,4,Wayang Kulit Shadow Puppet,Wayang Kulit Warisan Dunia,"UNESCO Heritage, 2003","Warisan UNESCO, 2003",Classical & Modern,Klasik & Modern,"Wayang (from Javanese  ꦮꦪꦁ, wayang (in the ngoko register), ꦫꦶꦁꦒꦶꦠ꧀ (in the krama register), Balinese: ᬯᬬᬂ, Sundanese: ᮝᮚᮀcode: sun promoted to code: su , ultimately from Old Javanese wayaṅ) is a traditional Java-origin (dramatic) performance in which a story is represented (by puppets, by dancers) invented by the indigenous Javans (the Javanese and Sundanese) — the Native Indonesian ethnic groups. The term wayang refers both to the show as a whole and the puppet in particular. Performances of wayang puppet theatre are accompanied by a gamelan orchestra in Java, and by gender wayang in Bali. The dramatic stories depict mythologies, such as episodes from the Hindu epics the Ramayana and the Mahabharata, as well as local adaptations of cultural legends.","Wayang (berasal dari bahasa Jawa: ꦮꦪꦁcode: jv is deprecated , translit. wayang, har. 'bayangan') adalah seni pertunjukan tradisional asli Indonesia yang berasal dari  Suku Jawa dan berkembang pesat di Pulau Jawa hingga menyebar luas ke berbagai wilayah di Nusantara. UNESCO, lembaga yang membawahi kebudayaan dari PBB, pada 7 November 2003 menetapkan wayang sebagai pertunjukan boneka bayangan tersohor dari Indonesia, sebuah Warisan Maha-karya Dunia yang Tak Ternilai dalam Seni Bertutur (bahasa Inggris: Masterpiece of Oral and Intangible Heritage of Humanitycode: en is deprecated )."
garuda,modern,wall,#d6b158,10.85,-2,Garuda Pancasila,Garuda Pancasila,Designed by Sultan Hamid II,Dirancang oleh Sultan Hamid II,Adopted in 1950,Diresmikan 1950,"The national emblem of Indonesia is called Garuda Pancasila. The main part is the Garuda with a heraldic shield on its chest and a scroll gripped by its legs. The shield's five emblems represent Pancasila, the five principles of Indonesia's national ideology. The Garuda claws gripping a white ribbon scroll inscribed with the national motto Bhinneka Tunggal Ika written in black text, which can be loosely translated as ""Unity in Diversity"".","Lambang negara Indonesia adalah Garuda Pancasila dengan semboyan Bhinneka Tunggal Ika. Lambang negara Indonesia berbentuk burung Garuda yang kepalanya menoleh ke sebelah kanan heraldik, perisai berbentuk menyerupai jantung yang digantung dengan rantai pada leher Garuda, dan semboyan Bhinneka Tunggal Ika yang berarti “berbeda-beda tetapi tetap satu” ditulis di atas pita yang dicengkeram oleh Garuda. Dalam prosesnya, dibentuklah Panitia Lambang Negara yang diketuai oleh Muhammad Yamin. Lambang Garuda dirancang oleh Sultan Hamid II dari Pontianak."
